唯一标识，品牌，车型名称，价格区间 (万元),车型类别，能源类型，续航，座位数，轴距 (mm),智驾等级，安全等级，匹配标签，车辆性格描述，车辆照片
C001，吉利，星愿，6.88-9.88，轿车，纯电车，310-410km,5,2650,L2,C-NCAP 五星，低用车成本 | 外观颜值 | 科技感，适合追求性价比与智能体验的城市年轻用户，https://www.autohome.com.cn/13109/
C002，五菱，宏光 MINIEV,3.58-5.58，轿车，纯电车，205-301km,4,1965，基础辅助，C-NCAP 四星，低用车成本 | 可靠耐用，适合城市短途代步和新手用户的经济实用选择，https://www.autohome.com.cn/7877/
C003，比亚迪，海鸥，6.98-8.58，轿车，纯电车，305-405km,5,2500,L2,C-NCAP 五星，低用车成本 | 安全性 | 科技感，适合城市通勤和家庭代步的精品纯电小车，https://www.autohome.com.cn/12621/
C004，比亚迪，秦 PLUS DM,7.98-10.38，轿车，混动/增程，120-210km,5,2718,L2,C-NCAP 五星，低用车成本 | 可靠耐用 | 动力性能，适合追求低油耗和长续航的家庭用户，https://www.autohome.com.cn/8883/
C005，日产，轩逸，7.99-17.49，轿车，燃油车，N/A,5,2712,L1,C-NCAP 五星，空间舒适 | 可靠耐用 | 低用车成本，适合追求舒适性和可靠性的家庭用户，https://www.autohome.com.cn/634/
C006，比亚迪，秦 L DM,9.98-13.98，轿车，混动/增程，120-200km,5,2790,L2,C-NCAP 五星，低用车成本 | 科技感 | 空间舒适，适合追求新技术和长续航的家庭用户，https://www.autohome.com.cn/13067/
C007，大众，朗逸，8.00-15.19，轿车，燃油车，N/A,5,2688,L1,C-NCAP 五星，可靠耐用 | 空间舒适，适合追求德系品质和稳定性的家庭用户，https://www.autohome.com.cn/6770/
C008，小米，SU7,21.59-29.99，轿车，纯电车，700-830km,5,3000,L2+,C-NCAP 五星，科技感 | 操控好 | 外观颜值 | 动力性能，适合追求极致驾驶感与科技体验的年轻人，https://www.autohome.com.cn/13034/
C009，大众，速腾，13.99-17.29，轿车，燃油车，N/A,5,2731,L1,C-NCAP 五星，空间舒适 | 可靠耐用，适合追求德系品质和 A+ 级空间的务实用户，https://www.autohome.com.cn/6624/
C010，比亚迪，海豹 06 DM,9.98-13.98，轿车，混动/增程，120-200km,5,2790,L2,C-NCAP 五星，低用车成本 | 科技感 | 外观颜值，适合追求海洋美学和 DM-i 技术的年轻用户，https://www.autohome.com.cn/13137/
C011，特斯拉，Model 3,23.19-27.59，轿车，纯电车，554-675km,5,2875,L2+,C-NCAP 五星，科技感 | 操控好 | 动力性能 | 高保值，适合追求品牌与驾驶乐趣的科技爱好者，https://www.autohome.com.cn/3453/
C012，比亚迪，海豚，9.98-12.58，轿车，纯电车，420-520km,5,2700,L2,C-NCAP 五星，低用车成本 | 外观颜值 | 空间舒适，适合城市通勤和年轻家庭的精品纯电小车，https://www.autohome.com.cn/8959/
C013，丰田，凯美瑞，17.18-25.98，轿车，混动/增程，N/A,5,2825,L2,C-NCAP 五星，可靠耐用 | 低用车成本 | 空间舒适 | 高保值，适合追求省心耐用和舒适性的家庭用户，https://www.autohome.com.cn/110/
C014，大众，帕萨特，16.49-23.99，轿车，燃油车，N/A,5,2871,L2,C-NCAP 五星，空间舒适 | 可靠耐用 | 安全性，适合商务家用兼顾的成熟用户，https://www.autohome.com.cn/6771/
C015，大众，迈腾，17.49-24.69，轿车，燃油车，N/A,5,2871,L2,C-NCAP 五星，空间舒适 | 可靠耐用 | 安全性，适合商务家用兼顾的德系品质追求者，https://www.autohome.com.cn/422/
C016，宝马，3 系，29.99-39.99，轿车，燃油车，N/A,5,2961,L2,C-NCAP 五星，操控好 | 动力性能 | 外观颜值，适合追求驾驶乐趣和品牌价值的年轻人，https://www.autohome.com.cn/66/
C017，奔驰，C 级，33.48-37.98，轿车，燃油车，N/A,5,2954,L2,C-NCAP 五星，外观颜值 | 空间舒适 | 安全性，适合追求豪华感和品牌调性的都市精英，https://www.autohome.com.cn/3448/
C018，奥迪，A4L,32.18-40.08，轿车，燃油车，N/A,5,2908,L2,C-NCAP 五星，科技感 | 操控好 | 安全性，适合追求科技与平衡的理性用户，https://www.autohome.com.cn/6926/
C019，本田，雅阁，17.98-22.88，轿车，混动/增程，N/A,5,2830,L2,C-NCAP 五星，可靠耐用 | 低用车成本 | 空间舒适，适合追求省心和实用性的家庭用户，https://www.autohome.com.cn/640/
C020，比亚迪，汉，16.98-24.98，轿车，混动/增程，120-200km,5,2920,L2+,C-NCAP 五星，科技感 | 安全性 | 动力性能 | 外观颜值，适合追求豪华感和科技的商务人士，https://www.autohome.com.cn/6964/
C021，比亚迪，宋 Pro DM-i,10.98-13.98，轿车，混动/增程，71-110km,5,2712,L2,C-NCAP 五星，低用车成本 | 空间舒适 | 科技感，适合追求性价比和实用性的家庭用户，https://www.autohome.com.cn/2033/
C022，比亚迪，驱逐舰 05,7.98-12.88，轿车，混动/增程，55-120km,5,2718,L2,C-NCAP 五星，低用车成本 | 科技感 | 外观颜值，适合年轻用户的首款混动轿车，https://www.autohome.com.cn/11697/
C023，比亚迪，海豹 DM-i,16.98-23.98，轿车，混动/增程，121-200km,5,2900,L2,C-NCAP 五星，科技感 | 外观颜值 | 动力性能，适合追求海洋美学和品质的年轻用户，https://www.autohome.com.cn/12600/
C024，比亚迪，秦 PLUS EV,11.98-13.98，轿车，纯电车，420-510km,5,2718,L2,C-NCAP 五星，低用车成本 | 科技感 | 可靠耐用，适合城市通勤和网约车用户的纯电选择，https://www.autohome.com.cn/8883/
C025，吉利，帝豪，6.29-9.19，轿车，燃油车，N/A,5,2650,L1,C-NCAP 五星，低用车成本 | 可靠耐用 | 空间舒适，适合预算有限的首购家庭用户，https://www.autohome.com.cn/827/
C026，吉利，星瑞，11.37-14.57，轿车，燃油车，N/A,5,2800,L2,C-NCAP 五星，动力性能 | 空间舒适 | 科技感，适合追求 A+ 级轿车越级体验的年轻用户，https://www.autohome.com.cn/8671/
C027，吉利，缤瑞 COOL,8.98-10.98，轿车，燃油车，N/A,5,2670,L2,C-NCAP 五星，外观颜值 | 动力性能 | 科技感，适合追求运动风格的年轻用户，https://www.autohome.com.cn/8670/
C028，长安，逸动 PLUS,7.29-10.39，轿车，燃油车，N/A,5,2700,L1,C-NCAP 五星，低用车成本 | 空间舒适 | 外观颜值，适合追求性价比的家庭用户，https://www.autohome.com.cn/7606/
C029，长安，UNI-V,10.89-13.99，轿车，燃油车，N/A,5,2750,L2,C-NCAP 五星，外观颜值 | 动力性能 | 科技感，适合追求运动轿跑风格的年轻用户，https://www.autohome.com.cn/11518/
C030，丰田，卡罗拉，11.68-15.58，轿车，燃油车，N/A,5,2700,L2,C-NCAP 五星，可靠耐用 | 低用车成本 | 高保值，适合追求省心耐用的首购家庭，https://www.autohome.com.cn/657/
C031，丰田，雷凌，11.38-14.88，轿车，混动/增程，N/A,5,2700,L2,C-NCAP 五星，可靠耐用 | 低用车成本 | 安全性，适合追求经济实用的家庭用户，https://www.autohome.com.cn/7742/
C032，本田，思域，12.99-18.79，轿车，燃油车，N/A,5,2735,L2,C-NCAP 五星，动力性能 | 操控好 | 外观颜值，适合追求驾驶乐趣的年轻用户，https://www.autohome.com.cn/665/
C033，本田，型格，12.99-18.69，轿车，燃油车，N/A,5,2730,L2,C-NCAP 五星，动力性能 | 外观颜值 | 操控好，适合追求运动风格的年轻用户，https://www.autohome.com.cn/11355/
C034，日产，天籁，17.98-23.98，轿车，燃油车，N/A,5,2825,L2,C-NCAP 五星，空间舒适 | 可靠耐用 | 低用车成本，适合追求舒适性的商务家庭用户，https://www.autohome.com.cn/632/
C035，日产，轩逸 e-POWER,13.89-15.59，轿车，混动/增程，N/A,5,2712,L2,C-NCAP 五星，低用车成本 | 空间舒适 | 可靠耐用，适合城市通勤的家庭用户，https://www.autohome.com.cn/12285/
C036，大众，宝来，9.88-15.70，轿车，燃油车，N/A,5,2688,L1,C-NCAP 五星，可靠耐用 | 低用车成本 | 空间舒适，适合追求德系品质的务实家庭，https://www.autohome.com.cn/6667/
C037，大众，高尔夫，12.98-16.58，轿车，燃油车，N/A,5,2636,L2,C-NCAP 五星，操控好 | 外观颜值 | 可靠性，适合追求驾驶乐趣的精品小车用户，https://www.autohome.com.cn/6769/
C038，大众，凌渡 L,14.39-19.09，轿车，燃油车，N/A,5,2731,L2,C-NCAP 五星，外观颜值 | 科技感 | 操控好，适合追求个性轿跑的年轻用户，https://www.autohome.com.cn/11468/
C039，别克，威朗，12.89-15.89，轿车，燃油车，N/A,5,2700,L2,C-NCAP 五星，动力性能 | 空间舒适 | 科技感，适合追求性价比的 A+ 级轿车用户，https://www.autohome.com.cn/8856/
C040，雪佛兰，科鲁泽，9.49-10.89，轿车，燃油车，N/A,5,2640,L1,C-NCAP 五星，低用车成本 | 外观颜值 | 动力性能，适合预算有限的年轻用户，https://www.autohome.com.cn/7879/
C041，现代，伊兰特，9.98-14.18，轿车，燃油车，N/A,5,2720,L2,C-NCAP 五星，外观颜值 | 低用车成本 | 科技感，适合追求设计感的年轻家庭，https://www.autohome.com.cn/8876/
C042，起亚，K3,11.29-14.39，轿车，燃油车，N/A,5,2700,L2,C-NCAP 五星，外观颜值 | 空间舒适 | 低用车成本，适合追求性价比的家庭用户，https://www.autohome.com.cn/8832/
C043，马自达，3 昂克赛拉，8.99-18.99，轿车，燃油车，N/A,5,2720,L2,C-NCAP 五星，操控好 | 外观颜值 | 驾驶乐趣，适合追求驾驶质感的用户，https://www.autohome.com.cn/3239/
C044，领克，03,14.68-25.68，轿车，燃油车，N/A,5,2730,L2,C-NCAP 五星，动力性能 | 外观颜值 | 科技感，适合追求运动豪华的年轻用户，https://www.autohome.com.cn/8537/
C045，传祺，影豹，9.88-15.88，轿车，燃油车，N/A,5,2700,L2,C-NCAP 五星，动力性能 | 外观颜值 | 操控好，适合追求运动风格的年轻用户，https://www.autohome.com.cn/11520/
C046，名爵，MG7,11.98-17.88，轿车，燃油车，N/A,5,2804,L2,C-NCAP 五星，外观颜值 | 动力性能 | 科技感，适合追求轿跑风格的年轻用户，https://www.autohome.com.cn/12620/
C047，深蓝，SL03,13.99-21.59，轿车，纯电车，515-705km,5,2900,L2+,C-NCAP 五星，科技感 | 外观颜值 | 低用车成本，适合追求科技感的年轻用户，https://www.autohome.com.cn/12274/
C048，小鹏，P7i,20.39-33.99，轿车，纯电车，550-702km,5,2998,L2+,C-NCAP 五星，科技感 | 操控好 | 外观颜值，适合追求智能驾驶的科技爱好者，https://www.autohome.com.cn/5213/
C049，蔚来，ET5,29.80-35.60，轿车，纯电车，530-680km,5,2888,L2+,C-NCAP 五星，科技感 | 外观颜值 | 动力性能，适合追求高端品牌的年轻精英，https://www.autohome.com.cn/12169/
C050，蔚来，ET7,42.80-51.60，轿车，纯电车，530-1050km,5,3060,L2+,C-NCAP 五星，科技感 | 豪华 | 动力性能，适合追求高端豪华的商务人士，https://www.autohome.com.cn/11687/
C051，极氪，007,20.99-29.99，轿车，纯电车，610-870km,5,2928,L2+,C-NCAP 五星，科技感 | 动力性能 | 外观颜值，适合追求性能的科技爱好者，https://www.autohome.com.cn/13028/
C052，智己，L6,21.99-34.99，轿车，纯电车，650-1000km,5,2950,L2+,C-NCAP 五星，科技感 | 操控好 | 外观颜值，适合追求前沿科技的用户，https://www.autohome.com.cn/13151/
C053，阿维塔，12,26.58-40.08，轿车，纯电车，650-700km,5,2975,L2+,C-NCAP 五星，科技感 | 豪华 | 外观颜值，适合追求高端智能的用户，https://www.autohome.com.cn/12636/
C054，零跑，C01,13.98-20.88，轿车，纯电车，500-717km,5,2930,L2,C-NCAP 五星，低用车成本 | 科技感 | 空间舒适，适合追求性价比的用户，https://www.autohome.com.cn/12065/
C055，哪吒，S,15.98-22.98，轿车，纯电车，560-715km,5,2800,L2,C-NCAP 五星，科技感 | 外观颜值 | 低用车成本，适合追求性价比的年轻用户，https://www.autohome.com.cn/11839/
C056，比亚迪，e2,8.98-11.98，轿车，纯电车，405-405km,5,2610,L2,C-NCAP 五星，低用车成本 | 可靠耐用 | 外观颜值，适合城市通勤的经济型用户，https://www.autohome.com.cn/7627/
C057，比亚迪，元 Pro,9.58-11.58，轿车，纯电车，320-401km,5,2535,L2,C-NCAP 五星，低用车成本 | 外观颜值 | 空间舒适，适合城市代步的年轻用户，https://www.autohome.com.cn/8960/
C058，吉利，几何 A,14.58-18.38，轿车，纯电车，410-600km,5,2700,L2,C-NCAP 五星，科技感 | 低用车成本 | 空间舒适，适合追求品质的纯电用户，https://www.autohome.com.cn/7784/
C059，广汽埃安，AION S,11.88-16.98，轿车，纯电车，410-610km,5,2750,L2,C-NCAP 五星，低用车成本 | 空间舒适 | 科技感，适合城市通勤和网约车用户，https://www.autohome.com.cn/8696/
C060，广汽埃安，AION Y,10.98-14.58，轿车，纯电车，410-510km,5,2750,L2,C-NCAP 五星，空间舒适 | 低用车成本 | 外观颜值，适合家庭代步的纯电用户，https://www.autohome.com.cn/11321/
C061，大众，ID.3,12.59-18.09，轿车，纯电车，350-450km,5,2765,L2,C-NCAP 五星，操控好 | 科技感 | 低用车成本，适合城市代步的德系纯电用户，https://www.autohome.com.cn/11665/
C062，大众，ID.7 VIZZION,22.79-26.29，轿车，纯电车，614-642km,5,2965,L2+,C-NCAP 五星，科技感 | 空间舒适 | 低用车成本，适合追求德系品质的纯电用户，https://www.autohome.com.cn/12960/
C063，丰田，bZ3,16.98-19.98，轿车，纯电车，517-616km,5,2800,L2,C-NCAP 五星，可靠耐用 | 低用车成本 | 科技感，适合追求丰田品质的纯电用户，https://www.autohome.com.cn/12296/
C064，本田，e:NP1 极湃 1,15.98-21.59，轿车，纯电车，420-510km,5,2610,L2,C-NCAP 五星，可靠耐用 | 科技感 | 低用车成本，适合追求本田品质的纯电用户，https://www.autohome.com.cn/12079/
C065，现代，伊兰特 EV,14.98-17.98，轿车，纯电车，490-500km,5,2720,L2,C-NCAP 五星，外观颜值 | 低用车成本 | 科技感，适合追求设计感的纯电用户，https://www.autohome.com.cn/8876/
C066，宝马，i3,29.99-41.99，轿车，纯电车，526-592km,5,2961,L2+,C-NCAP 五星，操控好 | 科技感 | 豪华，适合追求品牌的纯电用户，https://www.autohome.com.cn/11772/
C067，宝马，i5,43.99-53.99，轿车，纯电车，530-670km,5,2995,L2+,C-NCAP 五星，豪华 | 科技感 | 动力性能，适合追求高端豪华的纯电用户，https://www.autohome.com.cn/12943/
C068，奔驰，EQE,47.80-62.80，轿车，纯电车，613-753km,5,3120,L2+,C-NCAP 五星，豪华 | 科技感 | 空间舒适，适合追求豪华体验的纯电用户，https://www.autohome.com.cn/11773/
C069，奥迪，e-tron,54.68-64.28，轿车，纯电车，500-605km,5,2928,L2+,C-NCAP 五星，科技感 | 豪华 | 动力性能，适合追求科技豪华的纯电用户，https://www.autohome.com.cn/8696/
C070，保时捷，Taycan,89.80-199.80，轿车，纯电车，465-750km,5,2900,L2+,C-NCAP 五星，动力性能 | 豪华 | 操控好，适合追求极致性能的富裕用户，https://www.autohome.com.cn/8959/
C071，比亚迪，秦 L EV,11.98-14.98，轿车，纯电车，460-510km,5,2790,L2,C-NCAP 五星，低用车成本 | 科技感 | 空间舒适，适合追求新技术的纯电用户，https://www.autohome.com.cn/13067/
C072，比亚迪，海豹 EV,17.98-24.98，轿车，纯电车，550-700km,5,2920,L2+,C-NCAP 五星，科技感 | 动力性能 | 外观颜值，适合追求海洋美学的纯电用户，https://www.autohome.com.cn/12600/
C073，吉利，银河 E8,16.58-22.88，轿车，纯电车，550-665km,5,2925,L2+,C-NCAP 五星，科技感 | 外观颜值 | 空间舒适，适合追求科技豪华的用户，https://www.autohome.com.cn/13052/
C074，长安，启源 A07,13.99-17.99，轿车，纯电车，515-710km,5,2900,L2,C-NCAP 五星，科技感 | 外观颜值 | 低用车成本，适合追求性价比的用户，https://www.autohome.com.cn/12971/
C075，深蓝，L07,14.99-19.99，轿车，纯电车，530-700km,5,2900,L2+,C-NCAP 五星，科技感 | 外观颜值 | 低用车成本，适合追求科技感的年轻用户，https://www.autohome.com.cn/13283/
C076，小鹏，X9,35.98-41.98，轿车，纯电车，610-702km,5,3160,L2+,C-NCAP 五星，科技感 | 空间舒适 | 豪华，适合追求高端智能的家庭用户，https://www.autohome.com.cn/13023/
C077，极氪，001,26.90-32.90，轿车，纯电车，675-750km,5,3005,L2+,C-NCAP 五星，动力性能 | 科技感 | 外观颜值，适合追求性能的科技爱好者，https://www.autohome.com.cn/8671/
C078，腾势，Z9GT,33.98-41.98，轿车，纯电车，630-700km,5,3125,L2+,C-NCAP 五星，豪华 | 科技感 | 动力性能，适合追求高端豪华的用户，https://www.autohome.com.cn/13252/
C079，岚图，追光，25.98-35.88，轿车，纯电车，580-730km,5,3000,L2+,C-NCAP 五星，科技感 | 豪华 | 动力性能，适合追求高端智能的用户，https://www.autohome.com.cn/11870/
C080，飞凡，F7,18.99-30.99，轿车，纯电车，560-666km,5,3000,L2+,C-NCAP 五星，科技感 | 空间舒适 | 外观颜值，适合追求性价比的用户，https://www.autohome.com.cn/12620/
C081，智界，S7,24.98-34.98，轿车，纯电车，630-855km,5,2950,L2+,C-NCAP 五星，科技感 | 动力性能 | 外观颜值，适合追求华为智驾的用户，https://www.autohome.com.cn/13028/
C082，享界，S9,39.98-44.98，轿车，纯电车，720-820km,5,3050,L2+,C-NCAP 五星，豪华 | 科技感 | 空间舒适，适合追求高端豪华的商务用户，https://www.autohome.com.cn/13252/
C083，宝骏，云朵，9.98-13.38，轿车，纯电车，460-506km,5,2750,L2,C-NCAP 五星，低用车成本 | 空间舒适 | 外观颜值，适合家庭代步的经济型用户，https://www.autohome.com.cn/12960/
C084，欧拉，好猫，10.58-14.58，轿车，纯电车，401-501km,5,2650,L2,C-NCAP 五星，外观颜值 | 低用车成本 | 科技感，适合女性用户的精品纯电小车，https://www.autohome.com.cn/11321/
C085，欧拉，闪电猫，18.98-26.98，轿车，纯电车，550-705km,5,2870,L2+,C-NCAP 五星，外观颜值 | 动力性能 | 科技感，适合追求个性的女性用户，https://www.autohome.com.cn/11870/
C086，比亚迪，秦 PLUS 冠军版，9.98-12.58，轿车，混动/增程，55-120km,5,2718,L2,C-NCAP 五星，低用车成本 | 可靠耐用 | 科技感，适合追求性价比的家庭用户，https://www.autohome.com.cn/8883/
C087，吉利，帝豪 L HiP,10.98-12.28，轿车，混动/增程，100km,5,2700,L2,C-NCAP 五星，低用车成本 | 科技感 | 动力性能，适合追求混动技术的用户，https://www.autohome.com.cn/827/
C088，长安，UNI-V 智电 iDD,11.49-13.99，轿车，混动/增程，113km,5,2750,L2,C-NCAP 五星，动力性能 | 科技感 | 外观颜值，适合追求运动混动的用户，https://www.autohome.com.cn/11518/
C089，领克，03 EM-P,16.58-22.58，轿车，混动/增程，103km,5,2730,L2+,C-NCAP 五星，动力性能 | 科技感 | 豪华，适合追求运动豪华的用户，https://www.autohome.com.cn/8537/
C090，大众，帕萨特 GTE,23.99-25.99，轿车，混动/增程，62km,5,2871,L2,C-NCAP 五星，科技感 | 低用车成本 | 空间舒适，适合追求德系混动的商务用户，https://www.autohome.com.cn/6771/
S001，特斯拉，Model Y,26.35-31.35,SUV，纯电车，554-688km,5,2890,L2+,C-NCAP 五星，科技感 | 动力性能 | 高保值 | 操控好，适合追求品牌和科技体验的中产家庭，https://www.autohome.com.cn/9018/
S002，吉利，星越 L,14.77-17.97,SUV，燃油车，N/A,5,2845,L2,C-NCAP 五星，空间舒适 | 科技感 | 动力性能，适合追求越级体验的务实家庭，https://www.autohome.com.cn/8671/
S003，比亚迪，宋 PLUS 新能源，12.98-16.98,SUV，混动/增程，100-150km,5,2765,L2,C-NCAP 五星，低用车成本 | 空间舒适 | 可靠耐用，适合家庭用户的均衡之选，https://www.autohome.com.cn/9272/
S004，丰田，RAV4 荣放，16.98-26.38,SUV，燃油车，N/A,5,2690,L2,C-NCAP 五星，可靠耐用 | 低用车成本 | 高保值，适合追求省心耐用的家庭用户，https://www.autohome.com.cn/7742/
S005，比亚迪，元 UP,7.48-11.98,SUV，纯电车，301-401km,5,2620,L2,C-NCAP 五星，低用车成本 | 科技感 | 空间舒适，适合城市通勤和年轻家庭的纯电 SUV,https://www.autohome.com.cn/13109/
S006，比亚迪，元 PLUS,11.98-14.78,SUV，纯电车，430-510km,5,2720,L2,C-NCAP 五星，低用车成本 | 科技感 | 外观颜值，适合城市通勤的精品纯电 SUV,https://www.autohome.com.cn/6298/
S007，比亚迪，宋 Pro DM-i,10.98-13.98,SUV，混动/增程，71-110km,5,2712,L2,C-NCAP 五星，低用车成本 | 空间舒适 | 科技感，适合追求性价比的家庭用户，https://www.autohome.com.cn/2033/
S008，比亚迪，唐 DM-i,17.98-20.98,SUV，混动/增程，112-215km,7,2820,L2,C-NCAP 五星，空间舒适 | 低用车成本 | 科技感，适合多孩家庭的混动 SUV,https://www.autohome.com.cn/8883/
S009，比亚迪，唐 EV,23.98-26.98,SUV，纯电车，600-730km,7,2820,L2+,C-NCAP 五星，科技感 | 空间舒适 | 动力性能，适合追求品质的纯电家庭用户，https://www.autohome.com.cn/8883/
S010，比亚迪，宋 L,18.98-24.98,SUV，纯电车，550-662km,5,2930,L2+,C-NCAP 五星，外观颜值 | 科技感 | 动力性能，适合追求猎装 SUV 的年轻用户，https://www.autohome.com.cn/12960/
S011，比亚迪，护卫舰 07,17.98-25.98,SUV，混动/增程，100-205km,5,2820,L2,C-NCAP 五星，空间舒适 | 低用车成本 | 科技感，适合追求海洋网 SUV 的家庭用户，https://www.autohome.com.cn/11697/
S012，吉利，博越 L,11.57-14.27,SUV，燃油车，N/A,5,2775,L2,C-NCAP 五星，科技感 | 空间舒适 | 外观颜值，适合追求科技 SUV 的年轻家庭，https://www.autohome.com.cn/11518/
S013，吉利，缤越，6.68-9.78,SUV，燃油车，N/A,5,2550,L2,C-NCAP 五星，外观颜值 | 动力性能 | 低用车成本，适合年轻用户的小型 SUV,https://www.autohome.com.cn/8670/
S014，吉利，博越，9.28-11.88,SUV，燃油车，N/A,5,2670,L2,C-NCAP 五星，空间舒适 | 可靠耐用 | 低用车成本，适合追求性价比的家庭用户，https://www.autohome.com.cn/7784/
S015，吉利，帝豪 S,8.49-10.89,SUV，燃油车，N/A,5,2670,L1,C-NCAP 五星，外观颜值 | 低用车成本 | 空间舒适，适合年轻家庭的经济型 SUV,https://www.autohome.com.cn/827/
S016，长安，CS75 PLUS,11.39-15.49,SUV，燃油车，N/A,5,2800,L2,C-NCAP 五星，空间舒适 | 动力性能 | 科技感，适合追求性价比的家庭用户，https://www.autohome.com.cn/7606/
S017，长安，CS55 PLUS,10.69-12.89,SUV，燃油车，N/A,5,2656,L2,C-NCAP 五星，外观颜值 | 科技感 | 低用车成本，适合年轻用户的紧凑型 SUV,https://www.autohome.com.cn/8670/
S018，长安，CS35 PLUS,7.99-11.99,SUV，燃油车，N/A,5,2600,L1,C-NCAP 五星，低用车成本 | 外观颜值 | 空间舒适，适合预算有限的首购用户，https://www.autohome.com.cn/7606/
S019，长安，UNI-T,11.59-13.99,SUV，燃油车，N/A,5,2710,L2,C-NCAP 五星，外观颜值 | 科技感 | 动力性能，适合追求个性的年轻用户，https://www.autohome.com.cn/10039/
S020，长安，UNI-K,14.99-18.49,SUV，燃油车，N/A,5,2890,L2,C-NCAP 五星，空间舒适 | 科技感 | 豪华，适合追求品质的家庭用户，https://www.autohome.com.cn/10039/
S021，长安，欧尚 X5 PLUS,9.69-11.99,SUV，燃油车，N/A,5,2710,L2,C-NCAP 五星，外观颜值 | 低用车成本 | 动力性能，适合年轻用户的经济型 SUV,https://www.autohome.com.cn/11518/
S022，长城，哈弗 H6,9.89-14.98,SUV，燃油车，N/A,5,2738,L2,C-NCAP 五星，可靠耐用 | 空间舒适 | 低用车成本，适合追求国民 SUV 的家庭用户，https://www.autohome.com.cn/7606/
S023，长城，哈弗大狗，12.39-14.99,SUV，燃油车，N/A,5,2738,L2,C-NCAP 五星，外观颜值 | 越野能力 | 空间舒适，适合追求轻越野的用户，https://www.autohome.com.cn/10039/
S024，长城，哈弗二代大狗，13.58-15.68,SUV，燃油车，N/A,5,2738,L2,C-NCAP 五星，越野能力 | 空间舒适 | 科技感，适合追求轻越野的家庭用户，https://www.autohome.com.cn/12620/
S025，长城，坦克 300,19.98-22.68,SUV，燃油车，N/A,5,2750,L2,C-NCAP 五星，越野能力 | 外观颜值 | 动力性能，适合追求硬派越野的用户，https://www.autohome.com.cn/9106/
S026，长城，坦克 400 Hi4-T,27.98-28.98,SUV，混动/增程，100km,5,2800,L2,C-NCAP 五星，越野能力 | 科技感 | 低用车成本，适合追求混动越野的用户，https://www.autohome.com.cn/12620/
S027，长城，坦克 500,33.50-39.50,SUV，燃油车，N/A,5,2850,L2,C-NCAP 五星，豪华 | 越野能力 | 动力性能，适合追求豪华越野的用户，https://www.autohome.com.cn/11518/
S028，长城，魏牌 蓝山，27.38-30.88,SUV，混动/增程，180km,6,2920,L2+,C-NCAP 五星，空间舒适 | 科技感 | 低用车成本，适合多孩家庭的智能 SUV,https://www.autohome.com.cn/12620/
S029，长城，魏牌 摩卡，17.58-18.98,SUV，混动/增程，175km,5,2915,L2+,C-NCAP 五星，科技感 | 空间舒适 | 豪华，适合追求智能豪华的用户，https://www.autohome.com.cn/8671/
S030，长城，魏牌 拿铁，14.98-17.58,SUV，混动/增程，130km,5,2740,L2,C-NCAP 五星，低用车成本 | 科技感 | 空间舒适，适合家庭用户的智能混动 SUV,https://www.autohome.com.cn/11518/
S031，理想，L6,24.98-27.98,SUV，混动/增程，212km,5,2920,L2+,C-NCAP 五星，科技感 | 空间舒适 | 低用车成本，适合年轻家庭的智能 SUV,https://www.autohome.com.cn/13028/
S032，理想，L7,30.18-35.98,SUV，混动/增程，225km,5,3005,L2+,C-NCAP 五星，空间舒适 | 科技感 | 豪华，适合追求品质的家庭用户，https://www.autohome.com.cn/11518/
S033，理想，L8,32.18-37.98,SUV，混动/增程，225km,6,3005,L2+,C-NCAP 五星，空间舒适 | 科技感 | 豪华，适合多孩家庭的智能 SUV,https://www.autohome.com.cn/11518/
S034，理想，L9,40.98-43.98,SUV，混动/增程，280km,6,3105,L2+,C-NCAP 五星，豪华 | 科技感 | 空间舒适，适合追求旗舰体验的富裕家庭，https://www.autohome.com.cn/11518/
S035，蔚来，ES6,33.80-39.60,SUV，纯电车，490-625km,5,2850,L2+,C-NCAP 五星，科技感 | 豪华 | 动力性能，适合追求高端品牌的用户，https://www.autohome.com.cn/4881/
S036，蔚来，ES7,43.80-51.80,SUV，纯电车，485-620km,5,2900,L2+,C-NCAP 五星，豪华 | 科技感 | 动力性能，适合追求高端豪华的用户，https://www.autohome.com.cn/11687/
S037，蔚来，ES8,49.80-59.80,SUV，纯电车，465-605km,6,3070,L2+,C-NCAP 五星，豪华 | 空间舒适 | 科技感，适合追求旗舰体验的用户，https://www.autohome.com.cn/4881/
S038，蔚来，EC6,35.80-41.60,SUV，纯电车，490-625km,5,2870,L2+,C-NCAP 五星，外观颜值 | 科技感 | 动力性能，适合追求轿跑 SUV 的用户，https://www.autohome.com.cn/12169/
S039，蔚来，EC7,45.80-54.80,SUV，纯电车，490-650km,5,2900,L2+,C-NCAP 五星，豪华 | 外观颜值 | 科技感，适合追求高端轿跑 SUV 的用户，https://www.autohome.com.cn/11687/
S040，小鹏，G6,17.99-25.69,SUV，纯电车，530-755km,5,2890,L2+,C-NCAP 五星，科技感 | 低用车成本 | 空间舒适，适合追求智能驾驶的用户，https://www.autohome.com.cn/12620/
S041，小鹏，G9,24.99-33.99,SUV，纯电车，570-702km,5,2998,L2+,C-NCAP 五星，豪华 | 科技感 | 空间舒适，适合追求高端智能的用户，https://www.autohome.com.cn/11518/
S042，小鹏，X9,35.98-41.98,SUV，纯电车，610-702km,7,3160,L2+,C-NCAP 五星，科技感 | 空间舒适 | 豪华，适合追求高端智能的家庭用户，https://www.autohome.com.cn/13023/
S043，问界，M5,24.98-30.98,SUV，混动/增程，230km,5,2880,L2+,C-NCAP 五星，科技感 | 豪华 | 低用车成本，适合追求华为智驾的用户，https://www.autohome.com.cn/11518/
S044，问界，M7,24.98-37.98,SUV，混动/增程，240km,6,2820,L2+,C-NCAP 五星，空间舒适 | 科技感 | 豪华，适合追求智能豪华的家庭用户，https://www.autohome.com.cn/6643/
S045，问界，M9,46.98-56.98,SUV，混动/增程，275km,6,3110,L2+,C-NCAP 五星，豪华 | 科技感 | 空间舒适，适合追求旗舰体验的富裕用户，https://www.autohome.com.cn/6643/
S046，大众，途观 L,14.47-23.68,SUV，燃油车，N/A,5,2791,L2,C-NCAP 五星，空间舒适 | 可靠耐用 | 德系品质，适合追求德系 SUV 的家庭用户，https://www.autohome.com.cn/6667/
S047，大众，探岳，19.89-25.99,SUV，燃油车，N/A,5,2731,L2,C-NCAP 五星，空间舒适 | 可靠耐用 | 动力性能，适合追求德系品质的用户，https://www.autohome.com.cn/8671/
S048，大众，途锐，53.38-78.28,SUV，燃油车，N/A,5,2894,L2+,C-NCAP 五星，豪华 | 越野能力 | 动力性能，适合追求进口豪华 SUV 的用户，https://www.autohome.com.cn/6667/
S049，大众，ID.4 X,15.99-28.34,SUV，纯电车，425-607km,5,2765,L2,C-NCAP 五星，科技感 | 低用车成本 | 德系品质，适合追求德系纯电的用户，https://www.autohome.com.cn/11665/
S050，大众，ID.6 X,25.99-29.39,SUV，纯电车，436-617km,6,2965,L2,C-NCAP 五星，空间舒适 | 科技感 | 低用车成本，适合家庭用户的纯电 SUV,https://www.autohome.com.cn/11665/
S051，丰田，汉兰达，24.98-32.58,SUV，混动/增程，N/A,7,2850,L2,C-NCAP 五星，空间舒适 | 可靠耐用 | 高保值，适合多孩家庭的省心之选，https://www.autohome.com.cn/7742/
S052，丰田，威兰达，15.98-23.08,SUV，燃油车，N/A,5,2690,L2,C-NCAP 五星，可靠耐用 | 低用车成本 | 空间舒适，适合追求丰田品质的家庭用户，https://www.autohome.com.cn/8671/
S053，丰田，锋兰达，12.58-16.98,SUV，燃油车，N/A,5,2640,L2,C-NCAP 五星，低用车成本 | 可靠耐用 | 空间舒适，适合预算有限的家庭用户，https://www.autohome.com.cn/11518/
S054，丰田，卡罗拉 锐放，12.98-16.98,SUV，燃油车，N/A,5,2640,L2,C-NCAP 五星，可靠耐用 | 低用车成本 | 高保值，适合追求丰田品质的用户，https://www.autohome.com.cn/11518/
S055，丰田，bZ4X,19.98-28.48,SUV，纯电车，400-615km,5,2850,L2,C-NCAP 五星，可靠耐用 | 科技感 | 低用车成本，适合追求丰田纯电的用户，https://www.autohome.com.cn/12296/
S056，本田，CR-V,17.18-26.38,SUV，燃油车，N/A,5,2701,L2,C-NCAP 五星，空间舒适 | 可靠耐用 | 高保值，适合家庭用户的经典 SUV,https://www.autohome.com.cn/314/
S057，本田，XR-V,11.99-15.29,SUV，燃油车，N/A,5,2610,L1,C-NCAP 五星，低用车成本 | 空间舒适 | 可靠耐用，适合年轻家庭的小型 SUV,https://www.autohome.com.cn/7742/
S058，本田，缤智，11.99-15.29,SUV，燃油车，N/A,5,2610,L1,C-NCAP 五星，低用车成本 | 空间舒适 | 可靠耐用，适合年轻家庭的小型 SUV,https://www.autohome.com.cn/7742/
S059，本田，皓影，18.59-26.39,SUV，燃油车，N/A,5,2701,L2,C-NCAP 五星，空间舒适 | 外观颜值 | 可靠耐用，适合追求品质的家庭用户，https://www.autohome.com.cn/8671/
S060，本田，e:NP1 极湃 1,15.98-21.59,SUV，纯电车，420-510km,5,2610,L2,C-NCAP 五星，可靠耐用 | 科技感 | 低用车成本，适合追求本田纯电的用户，https://www.autohome.com.cn/12079/
S061，日产，逍客，12.59-17.49,SUV，燃油车，N/A,5,2706,L2,C-NCAP 五星，空间舒适 | 可靠耐用 | 低用车成本，适合城市通勤的家庭用户，https://www.autohome.com.cn/634/
S062，日产，奇骏，17.99-26.29,SUV，燃油车，N/A,5,2706,L2,C-NCAP 五星，空间舒适 | 越野能力 | 可靠耐用，适合追求日产 SUV 的用户，https://www.autohome.com.cn/634/
S063，日产，途达，19.98-24.83,SUV，燃油车，N/A,5,2850,L2,C-NCAP 五星，越野能力 | 空间舒适 | 可靠耐用，适合追求硬派 SUV 的用户，https://www.autohome.com.cn/634/
S064，日产，ARIYA 艾睿雅，19.99-28.29,SUV，纯电车，501-623km,5,2775,L2,C-NCAP 五星，科技感 | 外观颜值 | 低用车成本，适合追求日产纯电的用户，https://www.autohome.com.cn/634/
S065，日产，探陆，23.98-30.18,SUV，燃油车，N/A,7,2900,L2,C-NCAP 五星，空间舒适 | 可靠耐用 | 豪华，适合多孩家庭的日产 SUV,https://www.autohome.com.cn/634/
S066，宝马，X3,34.98-48.69,SUV，燃油车，N/A,5,2864,L2,C-NCAP 五星，操控好 | 豪华 | 动力性能，适合追求驾驶乐趣的豪华 SUV 用户，https://www.autohome.com.cn/66/
S067，宝马，X5,55.20-77.20,SUV，燃油车，N/A,5,2975,L2+,C-NCAP 五星，豪华 | 动力性能 | 空间舒适，适合追求豪华 SUV 的用户，https://www.autohome.com.cn/66/
S068，宝马，X1,28.89-34.99,SUV，燃油车，N/A,5,2780,L2,C-NCAP 五星，豪华 | 空间舒适 | 操控好，适合追求入门豪华的用户，https://www.autohome.com.cn/66/
S069，宝马，iX3,40.50-44.50,SUV，纯电车，540-550km,5,2864,L2+,C-NCAP 五星，科技感 | 豪华 | 操控好，适合追求宝马纯电的用户，https://www.autohome.com.cn/66/
S070，宝马，iX1,29.99-33.99,SUV，纯电车，450-500km,5,2780,L2+,C-NCAP 五星，科技感 | 豪华 | 低用车成本，适合追求宝马纯电的用户，https://www.autohome.com.cn/66/
S071，奔驰，GLC,39.98-58.80,SUV，燃油车，N/A,5,2888,L2+,C-NCAP 五星，豪华 | 空间舒适 | 外观颜值，适合追求豪华 SUV 的用户，https://www.autohome.com.cn/3448/
S072，奔驰，GLE,69.98-88.28,SUV，燃油车，N/A,5,2995,L2+,C-NCAP 五星，豪华 | 空间舒适 | 动力性能，适合追求高端豪华的用户，https://www.autohome.com.cn/3448/
S073，奔驰，GLA,27.88-33.48,SUV，燃油车，N/A,5,2729,L2,C-NCAP 五星，豪华 | 外观颜值 | 低用车成本，适合追求入门豪华的用户，https://www.autohome.com.cn/3448/
S074，奔驰，GLB,29.98-36.48,SUV，燃油车，N/A,7,2829,L2,C-NCAP 五星，豪华 | 空间舒适 | 外观颜值，适合追求豪华 7 座的用户，https://www.autohome.com.cn/3448/
S075，奔驰，EQE SUV,48.60-63.06,SUV，纯电车，595-705km,5,3030,L2+,C-NCAP 五星，豪华 | 科技感 | 空间舒适，适合追求豪华纯电的用户，https://www.autohome.com.cn/3448/
S076，奔驰，EQS SUV,80.20-110.20,SUV，纯电车，600-673km,7,3210,L2+,C-NCAP 五星，豪华 | 科技感 | 动力性能，适合追求旗舰纯电的用户，https://www.autohome.com.cn/3448/
S077，奥迪，Q5L,35.88-48.88,SUV，燃油车，N/A,5,2908,L2,C-NCAP 五星，科技感 | 豪华 | 空间舒适，适合追求科技豪华的用户，https://www.autohome.com.cn/6926/
S078，奥迪，Q3,27.88-33.88,SUV，燃油车，N/A,5,2680,L2,C-NCAP 五星，科技感 | 外观颜值 | 豪华，适合追求入门豪华的用户，https://www.autohome.com.cn/6926/
S079，奥迪，Q7,59.68-80.48,SUV，燃油车，N/A,7,2996,L2+,C-NCAP 五星，豪华 | 空间舒适 | 科技感，适合追求高端豪华的用户，https://www.autohome.com.cn/6926/
S080，奥迪，Q4 e-tron,28.99-36.71,SUV，纯电车，510-605km,5,2765,L2,C-NCAP 五星，科技感 | 低用车成本 | 豪华，适合追求奥迪纯电的用户，https://www.autohome.com.cn/6926/
S081，奥迪，Q8,73.48-101.88,SUV，燃油车，N/A,5,2996,L2+,C-NCAP 五星，豪华 | 外观颜值 | 动力性能，适合追求旗舰 SUV 的用户，https://www.autohome.com.cn/6926/
S082，保时捷，卡宴，91.80-250.80,SUV，燃油车，N/A,5,2895,L2+,C-NCAP 五星，动力性能 | 豪华 | 操控好，适合追求极致性能的富裕用户，https://www.autohome.com.cn/8959/
S083，保时捷，Macan,57.80-85.80,SUV，燃油车，N/A,5,2807,L2+,C-NCAP 五星，动力性能 | 豪华 | 操控好，适合追求保时捷品牌的用户，https://www.autohome.com.cn/8959/
S084，保时捷，Taycan Cross Turismo,99.80-189.80,SUV，纯电车，465-750km,5,2900,L2+,C-NCAP 五星，动力性能 | 豪华 | 科技感，适合追求极致性能的富裕用户，https://www.autohome.com.cn/8959/
S085，雷克萨斯，NX,31.88-50.88,SUV，燃油车，N/A,5,2660,L2,C-NCAP 五星，豪华 | 可靠耐用 | 高保值，适合追求日系豪华的用户，https://www.autohome.com.cn/8671/
S086，雷克萨斯，RX,35.00-65.00,SUV，混动/增程，N/A,5,2850,L2+,C-NCAP 五星，豪华 | 可靠耐用 | 舒适，适合追求高端日系豪华的用户，https://www.autohome.com.cn/8671/
S087，雷克萨斯，RZ,36.99-45.99,SUV，纯电车，450-600km,5,2850,L2+,C-NCAP 五星，豪华 | 科技感 | 可靠耐用，适合追求雷克萨斯纯电的用户，https://www.autohome.com.cn/8671/
S088，凯迪拉克，XT5,25.27-39.17,SUV，燃油车，N/A,5,2857,L2,C-NCAP 五星，豪华 | 空间舒适 | 动力性能，适合追求美式豪华的用户，https://www.autohome.com.cn/8671/
S089，凯迪拉克，XT6,35.27-46.27,SUV，燃油车，N/A,6,2863,L2,C-NCAP 五星，豪华 | 空间舒适 | 动力性能，适合追求豪华 6 座的用户，https://www.autohome.com.cn/8671/
S090，凯迪拉克，LYRIQ 锐歌，29.77-41.97,SUV，纯电车，600-691km,5,3094,L2+,C-NCAP 五星，科技感 | 豪华 | 动力性能，适合追求凯迪拉克纯电的用户，https://www.autohome.com.cn/8671/
S091，沃尔沃，XC60,37.39-47.49,SUV，燃油车，N/A,5,2865,L2,C-NCAP 五星，安全性 | 豪华 | 环保，适合追求安全豪华的用户，https://www.autohome.com.cn/8671/
S092，沃尔沃，XC90,63.89-78.19,SUV，燃油车，N/A,7,2855,L2+,C-NCAP 五星，安全性 | 豪华 | 空间舒适，适合追求旗舰安全的用户，https://www.autohome.com.cn/8671/
S093，沃尔沃，XC40,26.98-35.48,SUV，燃油车，N/A,5,2702,L2,C-NCAP 五星，安全性 | 外观颜值 | 豪华，适合追求北欧豪华的用户，https://www.autohome.com.cn/8671/
S094，沃尔沃，C40,26.98-34.98,SUV，纯电车，550-660km,5,2702,L2+,C-NCAP 五星，安全性 | 科技感 | 外观颜值，适合追求沃尔沃纯电的用户，https://www.autohome.com.cn/8671/
S095，林肯，冒险家，24.58-34.58,SUV，燃油车，N/A,5,2711,L2,C-NCAP 五星，豪华 | 空间舒适 | 静谧性，适合追求美式豪华的用户，https://www.autohome.com.cn/8671/
S096，林肯，航海家，32.58-41.88,SUV，燃油车，N/A,5,2850,L2+,C-NCAP 五星，豪华 | 空间舒适 | 静谧性，适合追求豪华 SUV 的用户，https://www.autohome.com.cn/8671/
S097，林肯，飞行家，50.08-75.98,SUV，燃油车，N/A,7,3025,L2+,C-NCAP 五星，豪华 | 动力性能 | 空间舒适，适合追求旗舰豪华的用户，https://www.autohome.com.cn/8671/
S098，捷尼赛思，GV70,29.38-36.38,SUV，燃油车，N/A,5,2870,L2+,C-NCAP 五星，豪华 | 外观颜值 | 动力性能，适合追求小众豪华的用户，https://www.autohome.com.cn/8671/
S099，捷尼赛思，GV80,33.58-43.58,SUV，燃油车，N/A,7,2950,L2+,C-NCAP 五星，豪华 | 空间舒适 | 外观颜值，适合追求小众豪华的用户，https://www.autohome.com.cn/8671/
S100，捷途，X90 PLUS,10.29-13.99,SUV，燃油车，N/A,7,2820,L2,C-NCAP 五星，空间舒适 | 低用车成本 | 性价比，适合追求大空间的用户，https://www.autohome.com.cn/8671/
M001，腾势，D9,33.98-60.06,MPV，混动/增程，190-200km,7,3110,L2,C-NCAP 五星，空间舒适 | 科技感 | 低用车成本，适合商务家用兼顾的高端 MPV 用户，https://www.autohome.com.cn/12620/
M002，别克，GL8,23.29-47.39,MPV，燃油车，N/A,7,3088,L2,C-NCAP 五星，空间舒适 | 可靠耐用 | 商务，适合商务接待和高端家庭用户，https://www.autohome.com.cn/4653/
M003，丰田，赛那，29.98-41.08,MPV，混动/增程，N/A,7,3060,L2,C-NCAP 五星，可靠耐用 | 低用车成本 | 空间舒适，适合追求省心耐用的多孩家庭，https://www.autohome.com.cn/7742/
M004，传祺，M8,17.98-34.28,MPV，燃油车，N/A,7,3000,L2,C-NCAP 五星，空间舒适 | 豪华 | 外观颜值，适合追求国产高端 MPV 的用户，https://www.autohome.com.cn/8671/
M005，传祺，E8,20.98-23.98,MPV，混动/增程，150km,7,2930,L2,C-NCAP 五星，低用车成本 | 空间舒适 | 科技感，适合家庭用户的智能 MPV,https://www.autohome.com.cn/8671/
M006，传祺，E9,31.98-40.98,MPV，混动/增程，136km,7,3000,L2,C-NCAP 五星，豪华 | 科技感 | 低用车成本，适合商务家用的高端 MPV,https://www.autohome.com.cn/8671/
M007，本田，奥德赛，23.58-43.98,MPV，混动/增程，N/A,7,2900,L2,C-NCAP 五星，空间舒适 | 可靠耐用 | 低用车成本，适合家庭用户的经典 MPV,https://www.autohome.com.cn/4653/
M008，本田，艾力绅，27.98-33.18,MPV，混动/增程，N/A,7,2900,L2,C-NCAP 五星，空间舒适 | 可靠耐用 | 豪华，适合追求品质的家庭用户，https://www.autohome.com.cn/4653/
M009，大众，威然，28.98-40.28,MPV，燃油车，N/A,7,3180,L2,C-NCAP 五星，空间舒适 | 德系品质 | 豪华，适合商务家用的德系 MPV,https://www.autohome.com.cn/6771/
M010，极氪，009,43.90-58.80,MPV，纯电车，702-822km,6,3205,L2+,C-NCAP 五星，豪华 | 科技感 | 动力性能，适合追求高端纯电 MPV 的用户，https://www.autohome.com.cn/8671/
M011，小鹏，X9,35.98-41.98,MPV，纯电车，610-702km,7,3160,L2+,C-NCAP 五星，科技感 | 空间舒适 | 豪华，适合追求智能 MPV 的家庭用户，https://www.autohome.com.cn/13023/
M012，理想，MEGA,52.98-55.98,MPV，纯电车，710km,7,3300,L2+,C-NCAP 五星，豪华 | 科技感 | 空间舒适，适合追求旗舰 MPV 的富裕家庭，https://www.autohome.com.cn/13028/
M013，岚图，梦想家，32.99-63.99,MPV，混动/增程，180km,7,3200,L2+,C-NCAP 五星，豪华 | 科技感 | 空间舒适，适合追求高端智能 MPV 的用户，https://www.autohome.com.cn/11870/
M014，魏牌，高山，31.58-40.58,MPV，混动/增程，140km,7,3085,L2,C-NCAP 五星，空间舒适 | 科技感 | 低用车成本，适合家庭用户的智能 MPV,https://www.autohome.com.cn/12620/
M015，荣威，iMAX8,18.58-25.98,MPV，燃油车，N/A,7,3000,L2,C-NCAP 五星，空间舒适 | 科技感 | 性价比，适合追求性价比的 MPV 用户，https://www.autohome.com.cn/8671/
M016，大通，G10,14.58-21.58,MPV，燃油车，N/A,7,3200,L1,C-NCAP 五星，空间舒适 | 低用车成本 | 实用性，适合商务接待的经济型 MPV,https://www.autohome.com.cn/8671/
O001，保时捷，911,129.80-303.80，跑车，燃油车，N/A,4,2450,L2,C-NCAP 五星，动力性能 | 操控好 | 豪华 | 高保值，适合追求极致驾驶乐趣的富裕车迷，https://www.autohome.com.cn/8959/
O002，福特，F-150,72.00-85.00，皮卡，燃油车，N/A,5,3685,L2,C-NCAP 五星，动力性能 | 越野能力 | 实用性，适合追求美式皮卡文化的用户，https://www.autohome.com.cn/8671/
O003，保时捷，718,56.50-156.50，跑车，燃油车，N/A,2,2475,L2,C-NCAP 五星，动力性能 | 操控好 | 外观颜值，适合追求驾驶乐趣的年轻富裕用户，https://www.autohome.com.cn/8959/
O004，宝马，Z4,48.88-63.38，跑车，燃油车，N/A,2,2470,L2,C-NCAP 五星，操控好 | 外观颜值 | 动力性能，适合追求敞篷跑车的用户，https://www.autohome.com.cn/66/
O005，奔驰，SL 级，130.88-172.88，跑车，燃油车，N/A,2,2700,L2+,C-NCAP 五星，豪华 | 动力性能 | 外观颜值，适合追求豪华敞篷的用户，https://www.autohome.com.cn/3448/
O006，奥迪，TT,45.38-53.38，跑车，燃油车，N/A,4,2505,L2,C-NCAP 五星，外观颜值 | 操控好 | 科技感，适合追求个性跑车的用户，https://www.autohome.com.cn/6926/
O007，丰田，86,30.88-34.88，跑车，燃油车，N/A,4,2570,L2,C-NCAP 五星，操控好 | 驾驶乐趣 | 外观颜值，适合追求驾驶乐趣的用户，https://www.autohome.com.cn/7742/
O008，斯巴鲁，BRZ,30.88-33.88，跑车，燃油车，N/A,4,2570,L2,C-NCAP 五星，操控好 | 驾驶乐趣 | 可靠性，适合追求驾驶乐趣的用户，https://www.autohome.com.cn/8671/
O009，马自达，MX-5,33.98-36.98，跑车，燃油车，N/A,2,2310,L2,C-NCAP 五星，操控好 | 外观颜值 | 驾驶乐趣，适合追求敞篷小跑的用户，https://www.autohome.com.cn/3239/
O010，福特，Mustang,38.98-43.98，跑车，燃油车，N/A,4,2720,L2,C-NCAP 五星，动力性能 | 外观颜值 | 美式肌肉，适合追求美式跑车的用户，https://www.autohome.com.cn/8671/
O011，雪佛兰，科迈罗，N/A，跑车，燃油车，N/A,4,2811,L2,C-NCAP 五星，动力性能 | 外观颜值 | 美式肌肉，适合追求美式跑车的用户，https://www.autohome.com.cn/8671/
O012，道奇，挑战者，N/A，跑车，燃油车，N/A,5,2946,L2,C-NCAP 五星，动力性能 | 美式肌肉 | 外观颜值，适合追求极致肌肉车的用户，https://www.autohome.com.cn/8671/
O013，长城，金刚炮，8.88-12.58，皮卡，燃油车，N/A,5,3470,L2,C-NCAP 五星，实用性 | 动力性能 | 低用车成本，适合追求实用皮卡的用户，https://www.autohome.com.cn/9106/
O014，长城，山海炮，22.98-30.18，皮卡，燃油车，N/A,5,3470,L2+,C-NCAP 五星，豪华 | 动力性能 | 越野能力，适合追求高端皮卡的用户，https://www.autohome.com.cn/9106/
O015，江西五十铃，D-MAX,13.48-22.08，皮卡，燃油车，N/A,5,3380,L2,C-NCAP 五星，可靠性 | 越野能力 | 实用性，适合追求耐用皮卡的用户，https://www.autohome.com.cn/8671/
O016，郑州日产，锐骐 7,9.98-16.98，皮卡，燃油车，N/A,5,3430,L2,C-NCAP 五星，实用性 | 可靠性 | 低用车成本，适合追求经济皮卡的用户，https://www.autohome.com.cn/8671/
O017，上汽大通，T90,12.98-20.98，皮卡，燃油车，N/A,5,3470,L2,C-NCAP 五星，动力性能 | 科技感 | 实用性，适合追求智能皮卡的用户，https://www.autohome.com.cn/8671/
O018，江铃，域虎 7,11.98-17.98，皮卡，燃油车，N/A,5,3430,L2,C-NCAP 五星，实用性 | 可靠性 | 动力性能，适合追求实用皮卡的用户，https://www.autohome.com.cn/8671/
O019，路特斯，Emira,90.28-118.88，跑车，燃油车，N/A,2,2575,L2,C-NCAP 五星，操控好 | 动力性能 | 外观颜值，适合追求极致操控的用户，https://www.autohome.com.cn/8671/
O020，阿斯顿·马丁，Vantage,176.80-236.80，跑车，燃油车，N/A,2,2700,L2,C-NCAP 五星，豪华 | 动力性能 | 外观颜值，适合追求英伦豪华跑车的用户，https://www.autohome.com.cn/8671/
O021，迈凯伦，Artura,238.00-268.00，跑车，混动/增程，N/A,2,2640,L2+,C-NCAP 五星，动力性能 | 科技感 | 豪华，适合追求超跑的用户，https://www.autohome.com.cn/8671/
O022，法拉利，F8,298.80-348.80，跑车，燃油车，N/A,2,2650,L2,C-NCAP 五星，动力性能 | 豪华 | 高保值，适合追求顶级超跑的富裕用户，https://www.autohome.com.cn/8671/
O023，兰博基尼，Huracan,254.00-428.00，跑车，燃油车，N/A,2,2620,L2,C-NCAP 五星，动力性能 | 豪华 | 外观颜值，适合追求顶级超跑的富裕用户，https://www.autohome.com.cn/8671/
O024，宾利，欧陆 GT,305.80-449.80，跑车，燃油车，N/A,4,2851,L2+,C-NCAP 五星，豪华 | 动力性能 | 高保值，适合追求顶级豪华的用户，https://www.autohome.com.cn/8671/
O025，劳斯莱斯，魅影，N/A，跑车，燃油车，N/A,4,3118,L2,C-NCAP 五星，豪华 | 动力性能 | 尊贵，适合追求顶级奢华的用户，https://www.autohome.com.cn/8671/
O026，仰望，U8,109.80，SUV，混动/增程，180km,5,3050,L2+,C-NCAP 五星，科技感 | 越野能力 | 豪华，适合追求国产旗舰的用户，https://www.autohome.com.cn/12620/
O027，仰望，U9,168.00，跑车，纯电车，450km,2,2700,L2+,C-NCAP 五星，动力性能 | 科技感 | 豪华，适合追求国产超跑的用户，https://www.autohome.com.cn/12620/
O028，昊铂，SSR,128.60-168.60，跑车，纯电车，500-580km,2,2800,L2+,C-NCAP 五星，动力性能 | 科技感 | 外观颜值，适合追求国产超跑的用户，https://www.autohome.com.cn/12620/
O029，名爵，Cyberster,31.98-36.98，跑车，纯电车，501-580km,2,2750,L2+,C-NCAP 五星，外观颜值 | 动力性能 | 科技感，适合追求敞篷电跑的用户，https://www.autohome.com.cn/12620/
O030，哪吒，GT,17.88-22.68，跑车，纯电车，560-660km,4,2750,L2,C-NCAP 五星，外观颜值 | 低用车成本 | 科技感，适合追求亲民电跑的用户，https://www.autohome.com.cn/11839/
